-- add genre
INSERT INTO genre (id, name) VALUES 
	(1, 'Рок'),
	(2, 'Хард-рок'),
	(3, 'Рок-н-ролл'),
	(4, 'Панк-рок'),
	(5, 'Метал');

-- add performer
INSERT INTO performer (id, name) VALUES
	(1, 'Ария'),
	(2, 'Король и Шут'),
	(3, 'Сектор Газа'),
	(4, 'Sabaton'),
	(5, 'Linkin Park'),
	(6, 'Elvis Presley'),
	(7, 'Агата Кристи'),
	(8, 'Машина времени'),
	(9, 'AC/DC');

-- add album
INSERT INTO album (id, year, name) VALUES
	(1, 2001, 'Химера'),
	(2, 1996, 'Камнем по голове'),
	(3, 1996, 'Газовая атака'),
	(4, 2019, 'The Great War'),
	(5, 2003, 'Meteora'),
	(6, 1956, 'Blue Moon'),
	(7, 1994, 'Опиум'),
	(8, 1986, 'Реки и мосты'),
	(9, 1979, 'Highway to Hell'),
	(10, 2018, 'Неизвестный альбом');

-- add track
INSERT INTO track (id, name_track, duration, album_id) VALUES
	(1, 'Штиль', '0 0:05:35', 1),
	(2, 'Камнем по голове', '0 0:02:37', 2),
	(3, '30 лет', '0 0:04:09', 3),
	(4, 'The Attack of the Dead Men', '0 0:03:55', 4),
	(5, 'Numb', '0 0:03:07', 5),
	(6, 'Blue Moon', '0 0:02:45', 6),
	(7, 'Опиум для никого', '0 0:03:56', 7),
	(8, 'Разговор в поезде', '0 0:02:32', 8),
	(9, 'Highway to Hell', '0 0:03:28', 9),
	(10, 'Осколок льда', '0 0:05:25', 1),
	(11, 'Смельячак и ветер', '0 0:03:00', 2),
	(12, 'Туман', '0 0:03:43', 3),
	(13, 'The Future of Warfare', '0 0:03:26', 4),
	(14, 'Faint', '0 0:02:44', 5),
	(15, 'Tomorrow Night', '0 0:03:00', 6),
	(16, 'Сказочная тайга', '0 0:02:52', 7),
	(17, 'Она идет по жизни, смеясь', '0 0:02:22', 8),
	(18, 'Night Prowler', '0 0:06:27', 9),
	(19, 'Мой характер', '0 0:03:51', 10);

--add collection
INSERT INTO collection (id, name, year) VALUES
	(1, 'Легенды русского рока', 2020),
	(2, 'Сектор Газа лучшее', 1998),
	(3, 'Рок-хиты', 2008),
	(4, 'Мировая музыка', 2007),
	(5, 'Избранное', 2019),
	(6, 'Лучшее', 2001),
	(7, 'Ретро музыка', 2018),
	(8, 'Дискотека 90-х', 2020);

-- genre_performer
INSERT INTO genre_performer (id, performer_id, genre_id) VALUES
	(1, 1, 2),
	(2, 1, 5),
	(3, 2, 2),
	(4, 2, 4),
	(5, 2, 5),
	(6, 3, 5),
	(7, 4, 2),
	(8, 4, 5),
	(9, 5, 1),
	(10, 6, 3),
	(11, 7, 1),
	(12, 8, 1),
	(13, 9, 1),
	(14, 9, 2);

-- performer_album
INSERT INTO performer_album (id, performer_id, album_id) VALUES
	(1, 1, 1),
	(2, 2, 2),
	(3, 3, 3),
	(4, 4, 4),
	(5, 5, 5),
	(6, 6, 6),
	(7, 7, 7),
	(8, 8, 8),
	(9, 9, 9),
	(10, 2, 10);
	
-- track_collection
INSERT INTO track_collection (id, track_id, collection_id) VALUES
	(1, 1, 1),
	(2, 1, 3),
	(3, 1, 4),
	(4, 2, 1),
	(5, 2, 8),
	(6, 2, 6),
	(7, 3, 1),
	(8, 3, 8),
	(9, 4, 4),
	(10, 4, 5),
	(11, 4, 6),
	(12, 5, 4),
	(13, 5, 5),
	(14, 5, 6),
	(15, 6, 7),
	(16, 7, 1),
	(17, 8, 3),
	(18, 9, 8);